{"cameraMode":{"drawMode":0,"name":"Shaded","section":"Shading Mode"},"sceneLighting":true,"audioPlay":false,"sceneViewState":{"m_AlwaysRefresh":true,"showFog":true,"showSkybox":true,"showFlares":true,"showImageEffects":true,"showParticleSystems":true,"showVisualEffectGraphs":true,"m_FxEnabled":true},"in2DMode":false,"pivot":{"x":-1.2141273021697999,"y":4.779024124145508,"z":6.981415748596191},"rotation":{"x":0.023723188787698747,"y":0.6871829628944397,"z":0.022483408451080323,"w":-0.7257654070854187},"size":7.8068318367004398,"orthographic":false}