{"cameraMode":{"drawMode":0,"name":"Shaded","section":"Shading Mode"},"sceneLighting":true,"audioPlay":false,"sceneViewState":{"m_AlwaysRefresh":true,"showFog":true,"showSkybox":true,"showFlares":true,"showImageEffects":true,"showParticleSystems":true,"showVisualEffectGraphs":true,"m_FxEnabled":true},"in2DMode":false,"pivot":{"x":-1.380401849746704,"y":0.8135943412780762,"z":0.8299720883369446},"rotation":{"x":-0.0033773446921259166,"y":0.9960073828697205,"z":-0.07815712690353394,"w":-0.043052803725004199},"size":13.463597297668457,"orthographic":false}